{"camera_matrix": [[1316.1469767395668, 0.0, 813.070743207573], [0.0, 1313.8098245994356, 560.8239349818006], [0.0, 0.0, 1.0]], "dist_coeff": [[-0.44122210397390876, 0.2741234719261618, -0.00013547191123549805, -2.990564597083972e-05, -0.11641622995171189]], "new_camera_matrix": [[892.894287109375, 0.0, 820.5616802713485], [0.0, 903.9384765625, 573.829966145975], [0.0, 0.0, 1.0]]}